{"init":{"samples":{"first":{"scale":0.0051528383,"octaves":4,"persistence":0.8558952,"amplitude":1.6855896,"min":0.4104803493449782},"second":{"scale":0.005675546,"amplitude":1.2052401,"max":0.777292576419214}},"mode":"ONLYA","quantize":6,"amp":0.8978165938864627,"min":0.6768558951965066},"plants1":{"samples":{"first":{},"second":{}}},"plants2":{"samples":{"first":{"scale":0.0042816596,"min":0.5021834061135371},"second":{"scale":0.02083406,"octaves":3,"persistence":0.8122271,"amplitude":1.7292576,"min":0.4847161572052402}}}}
