{"plantsBasic":{"samples":{"first":{"scale":0.019788647,"octaves":5,"persistence":0.62882096,"amplitude":1.0305676,"min":0.29694323144104806,"max":0.6724890829694323},"second":{"scale":0.033204805,"octaves":4,"persistence":0.6637555,"amplitude":0.15720524}},"mode":"ADD","quantize":6,"amp":1.3917030567685589,"min":0.3624454148471616},"plantsRare":{"samples":{"first":{"scale":0.024493013,"octaves":5,"persistence":0.62445414,"amplitude":1.9475982,"min":0.33624454148471616},"second":{"scale":0.0049786028,"amplitude":0.9694323}},"quantize":8},"metaForest":{"samples":{"first":{"scale":0.0042816596,"min":0.5021834061135371},"second":{"scale":0.02083406,"octaves":3,"persistence":0.8122271,"amplitude":1.7292576,"min":0.4847161572052402}}}}
