{"init":{"samples":{"first":{"scale":0.021182533,"octaves":4,"persistence":0.8558952,"min":0.4104803493449782},"second":{}},"mode":"MAX"},"plants1":{"samples":{"first":{},"second":{}}},"plants2":{"samples":{"first":{"scale":0.0042816596,"min":0.5021834061135371},"second":{"scale":0.02083406,"octaves":3,"persistence":0.8122271,"amplitude":1.7292576,"min":0.4847161572052402}}}}
