{"plantsBasic":{"samples":{"first":{"scale":0.019788647,"octaves":5,"persistence":0.62882096,"amplitude":1.0305676,"min":0.29694323144104806,"max":0.6724890829694323},"second":{"scale":0.033204805,"octaves":4,"persistence":0.6637555,"amplitude":0.15720524}},"mode":"ADD","amp":1.3917030567685589,"min":0.12663755458515283},"plantsRare":{"samples":{"first":{"scale":0.024493013,"octaves":5,"persistence":0.62445414,"amplitude":1.9475982,"min":0.33624454148471616},"second":{"scale":0.0049786028,"amplitude":0.9694323}},"quantize":8},"metaForest":{"samples":{"first":{"scale":0.08,"persistence":0.31004366,"min":0.5021834061135371},"second":{"scale":0.02083406,"octaves":3,"persistence":0.8122271,"amplitude":1.7292576,"min":0.4847161572052402}},"mode":"ONLYA","min":0.09606986899563319},"ruinWear":{"samples":{"first":{"scale":0.058367684,"persistence":0.7991266,"amplitude":1.1965065},"second":{"scale":0.014910043,"octaves":4,"amplitude":1.1965065}},"amp":1.2903930131004369,"min":0.34497816593886466},"ruinMicro":{"samples":{"first":{"scale":0.07895327,"persistence":0.6899563,"amplitude":1.7554585,"min":0.31004366812227074},"second":{"scale":0.038954586,"amplitude":1.5982533}},"mode":"ONLYA"},"mountainShapes":{"samples":{"first":{"scale":0.03912882,"octaves":4,"persistence":0.48908296,"amplitude":1.1091703},"second":{"scale":0.035121396,"amplitude":1.7641921}},"amp":0.948471615720524,"min":0.18777292576419213},"extraForest":{"samples":{"first":{"scale":0.06709039,"octaves":4,"persistence":0.27510917,"min":0.5589519650655022},"second":{"scale":0.021356769,"amplitude":1.5720524}},"amp":1.1890829694323144},"metaVariance":{"samples":{"first":{"scale":0.06534585,"octaves":5,"persistence":0.33624455},"second":{}},"mode":"ONLYA","quantize":2},"metaVariance2":{"samples":{"first":{"scale":0.01231179},"second":{}},"mode":"ONLYA","min":0.1703056768558952},"metaHabitats":{"samples":{"first":{"scale":0.020336682,"amplitude":1.3537118,"min":0.1703056768558952},"second":{}},"mode":"ONLYA","quantize":2,"min":0.43231441048034935},"desertRocks":{"samples":{"first":{"scale":0.030455021,"octaves":4,"persistence":0.33624455},"second":{"scale":0.009857206,"amplitude":0.9519651}},"amp":1.0624454148471616,"min":0.2052401746724891},"swampForest":{"samples":{"first":{"scale":0.054529693,"octaves":3,"persistence":0.6943231,"min":0.37554585152838427},"second":{}},"mode":"ONLYA"},"caveRocks":{"samples":{"first":{"scale":0.028361572,"amplitude":1.7641921,"min":0.17467248908296942,"max":0.48034934497816595},"second":{"scale":0.04,"octaves":5,"persistence":0.40174672,"amplitude":1.1266376}}}}
